/*    ==Scripting Parameters==

    Source Server Version : SQL Server 2016 (13.0.4001)
    Source Database Engine Edition : Microsoft SQL Server Express Edition
    Source Database Engine Type : Standalone SQL Server

    Target Server Version : SQL Server 2017
    Target Database Engine Edition : Microsoft SQL Server Standard Edition
    Target Database Engine Type : Standalone SQL Server
*/
USE [EcommerceShop]
GO
/****** Object:  Table [dbo].[__MigrationHistory]    Script Date: 29/10/2017 21:54:40 ******/
SET ANSI_NULLS ON
GO
SET QUOTED_IDENTIFIER ON
GO
CREATE TABLE [dbo].[__MigrationHistory](
	[MigrationId] [nvarchar](150) NOT NULL,
	[ContextKey] [nvarchar](300) NOT NULL,
	[Model] [varbinary](max) NOT NULL,
	[ProductVersion] [nvarchar](32) NOT NULL,
 CONSTRAINT [PK_dbo.__MigrationHistory] PRIMARY KEY CLUSTERED 
(
	[MigrationId] ASC,
	[ContextKey] ASC
)WITH (PAD_INDEX = OFF, STATISTICS_NORECOMPUTE = OFF, IGNORE_DUP_KEY = OFF, ALLOW_ROW_LOCKS = ON, ALLOW_PAGE_LOCKS = ON) ON [PRIMARY]
) ON [PRIMARY] TEXTIMAGE_ON [PRIMARY]
GO
/****** Object:  Table [dbo].[AspNetRoles]    Script Date: 29/10/2017 21:54:40 ******/
SET ANSI_NULLS ON
GO
SET QUOTED_IDENTIFIER ON
GO
CREATE TABLE [dbo].[AspNetRoles](
	[Id] [nvarchar](128) NOT NULL,
	[Name] [nvarchar](256) NOT NULL,
 CONSTRAINT [PK_dbo.AspNetRoles] PRIMARY KEY CLUSTERED 
(
	[Id] ASC
)WITH (PAD_INDEX = OFF, STATISTICS_NORECOMPUTE = OFF, IGNORE_DUP_KEY = OFF, ALLOW_ROW_LOCKS = ON, ALLOW_PAGE_LOCKS = ON) ON [PRIMARY]
) ON [PRIMARY]
GO
/****** Object:  Table [dbo].[AspNetUserClaims]    Script Date: 29/10/2017 21:54:40 ******/
SET ANSI_NULLS ON
GO
SET QUOTED_IDENTIFIER ON
GO
CREATE TABLE [dbo].[AspNetUserClaims](
	[Id] [int] IDENTITY(1,1) NOT NULL,
	[UserId] [nvarchar](128) NOT NULL,
	[ClaimType] [nvarchar](max) NULL,
	[ClaimValue] [nvarchar](max) NULL,
 CONSTRAINT [PK_dbo.AspNetUserClaims] PRIMARY KEY CLUSTERED 
(
	[Id] ASC
)WITH (PAD_INDEX = OFF, STATISTICS_NORECOMPUTE = OFF, IGNORE_DUP_KEY = OFF, ALLOW_ROW_LOCKS = ON, ALLOW_PAGE_LOCKS = ON) ON [PRIMARY]
) ON [PRIMARY] TEXTIMAGE_ON [PRIMARY]
GO
/****** Object:  Table [dbo].[AspNetUserLogins]    Script Date: 29/10/2017 21:54:40 ******/
SET ANSI_NULLS ON
GO
SET QUOTED_IDENTIFIER ON
GO
CREATE TABLE [dbo].[AspNetUserLogins](
	[LoginProvider] [nvarchar](128) NOT NULL,
	[ProviderKey] [nvarchar](128) NOT NULL,
	[UserId] [nvarchar](128) NOT NULL,
 CONSTRAINT [PK_dbo.AspNetUserLogins] PRIMARY KEY CLUSTERED 
(
	[LoginProvider] ASC,
	[ProviderKey] ASC,
	[UserId] ASC
)WITH (PAD_INDEX = OFF, STATISTICS_NORECOMPUTE = OFF, IGNORE_DUP_KEY = OFF, ALLOW_ROW_LOCKS = ON, ALLOW_PAGE_LOCKS = ON) ON [PRIMARY]
) ON [PRIMARY]
GO
/****** Object:  Table [dbo].[AspNetUserRoles]    Script Date: 29/10/2017 21:54:40 ******/
SET ANSI_NULLS ON
GO
SET QUOTED_IDENTIFIER ON
GO
CREATE TABLE [dbo].[AspNetUserRoles](
	[UserId] [nvarchar](128) NOT NULL,
	[RoleId] [nvarchar](128) NOT NULL,
 CONSTRAINT [PK_dbo.AspNetUserRoles] PRIMARY KEY CLUSTERED 
(
	[UserId] ASC,
	[RoleId] ASC
)WITH (PAD_INDEX = OFF, STATISTICS_NORECOMPUTE = OFF, IGNORE_DUP_KEY = OFF, ALLOW_ROW_LOCKS = ON, ALLOW_PAGE_LOCKS = ON) ON [PRIMARY]
) ON [PRIMARY]
GO
/****** Object:  Table [dbo].[AspNetUsers]    Script Date: 29/10/2017 21:54:40 ******/
SET ANSI_NULLS ON
GO
SET QUOTED_IDENTIFIER ON
GO
CREATE TABLE [dbo].[AspNetUsers](
	[Id] [nvarchar](128) NOT NULL,
	[Email] [nvarchar](256) NULL,
	[EmailConfirmed] [bit] NOT NULL,
	[PasswordHash] [nvarchar](max) NULL,
	[SecurityStamp] [nvarchar](max) NULL,
	[PhoneNumber] [nvarchar](max) NULL,
	[PhoneNumberConfirmed] [bit] NOT NULL,
	[TwoFactorEnabled] [bit] NOT NULL,
	[LockoutEndDateUtc] [datetime] NULL,
	[LockoutEnabled] [bit] NOT NULL,
	[AccessFailedCount] [int] NOT NULL,
	[UserName] [nvarchar](256) NOT NULL,
 CONSTRAINT [PK_dbo.AspNetUsers] PRIMARY KEY CLUSTERED 
(
	[Id] ASC
)WITH (PAD_INDEX = OFF, STATISTICS_NORECOMPUTE = OFF, IGNORE_DUP_KEY = OFF, ALLOW_ROW_LOCKS = ON, ALLOW_PAGE_LOCKS = ON) ON [PRIMARY]
) ON [PRIMARY] TEXTIMAGE_ON [PRIMARY]
GO
/****** Object:  Table [dbo].[Customers]    Script Date: 29/10/2017 21:54:40 ******/
SET ANSI_NULLS ON
GO
SET QUOTED_IDENTIFIER ON
GO
CREATE TABLE [dbo].[Customers](
	[Id] [int] IDENTITY(1,1) NOT NULL,
	[Name] [nvarchar](500) NULL,
	[Email] [nvarchar](250) NULL,
	[IsBookClubMembership] [bit] NULL,
	[IsVideoClubMembership] [bit] NULL,
 CONSTRAINT [PK_Customers] PRIMARY KEY CLUSTERED 
(
	[Id] ASC
)WITH (PAD_INDEX = OFF, STATISTICS_NORECOMPUTE = OFF, IGNORE_DUP_KEY = OFF, ALLOW_ROW_LOCKS = ON, ALLOW_PAGE_LOCKS = ON) ON [PRIMARY]
) ON [PRIMARY]
GO
/****** Object:  Table [dbo].[OrderItems]    Script Date: 29/10/2017 21:54:40 ******/
SET ANSI_NULLS ON
GO
SET QUOTED_IDENTIFIER ON
GO
CREATE TABLE [dbo].[OrderItems](
	[Id] [int] IDENTITY(1,1) NOT NULL,
	[OrderId] [int] NULL,
	[ProductId] [int] NULL,
	[DateEntered] [datetime] NULL,
 CONSTRAINT [PK_OrderItems] PRIMARY KEY CLUSTERED 
(
	[Id] ASC
)WITH (PAD_INDEX = OFF, STATISTICS_NORECOMPUTE = OFF, IGNORE_DUP_KEY = OFF, ALLOW_ROW_LOCKS = ON, ALLOW_PAGE_LOCKS = ON) ON [PRIMARY]
) ON [PRIMARY]
GO
/****** Object:  Table [dbo].[Orders]    Script Date: 29/10/2017 21:54:40 ******/
SET ANSI_NULLS ON
GO
SET QUOTED_IDENTIFIER ON
GO
CREATE TABLE [dbo].[Orders](
	[Id] [int] IDENTITY(1,1) NOT NULL,
	[PurchaseOrder] [nvarchar](500) NULL,
	[CustomerId] [int] NULL,
	[Total] [nvarchar](50) NULL,
	[DateEntered] [datetime] NULL,
 CONSTRAINT [PK_Orders] PRIMARY KEY CLUSTERED 
(
	[Id] ASC
)WITH (PAD_INDEX = OFF, STATISTICS_NORECOMPUTE = OFF, IGNORE_DUP_KEY = OFF, ALLOW_ROW_LOCKS = ON, ALLOW_PAGE_LOCKS = ON) ON [PRIMARY]
) ON [PRIMARY]
GO
/****** Object:  Table [dbo].[Products]    Script Date: 29/10/2017 21:54:40 ******/
SET ANSI_NULLS ON
GO
SET QUOTED_IDENTIFIER ON
GO
CREATE TABLE [dbo].[Products](
	[Id] [int] IDENTITY(1,1) NOT NULL,
	[Name] [nvarchar](500) NULL,
	[UnitPrice] [nvarchar](50) NULL,
	[ProductTypeId] [int] NULL,
 CONSTRAINT [PK_Products] PRIMARY KEY CLUSTERED 
(
	[Id] ASC
)WITH (PAD_INDEX = OFF, STATISTICS_NORECOMPUTE = OFF, IGNORE_DUP_KEY = OFF, ALLOW_ROW_LOCKS = ON, ALLOW_PAGE_LOCKS = ON) ON [PRIMARY]
) ON [PRIMARY]
GO
/****** Object:  Table [dbo].[ProductTypes]    Script Date: 29/10/2017 21:54:40 ******/
SET ANSI_NULLS ON
GO
SET QUOTED_IDENTIFIER ON
GO
CREATE TABLE [dbo].[ProductTypes](
	[Id] [int] IDENTITY(1,1) NOT NULL,
	[Name] [nvarchar](250) NULL,
 CONSTRAINT [PK_ProductTypes] PRIMARY KEY CLUSTERED 
(
	[Id] ASC
)WITH (PAD_INDEX = OFF, STATISTICS_NORECOMPUTE = OFF, IGNORE_DUP_KEY = OFF, ALLOW_ROW_LOCKS = ON, ALLOW_PAGE_LOCKS = ON) ON [PRIMARY]
) ON [PRIMARY]
GO
INSERT [dbo].[__MigrationHistory] ([MigrationId], [ContextKey], [Model], [ProductVersion]) VALUES (N'201710261533585_InitialCreate', N'eCommerceShop.Web.Models.ApplicationDbContext', 0x1F8B0800000000000400DD5C5B6FE3B6127E3FC0F90F829ECE3948AD5CBA8B6D60EF22759273826E2E5867DBF3B6A025DA11562255894A1314FD657DE84FEA5FE850A26489175D6CC5768A05161139FC66381C92C3E1D07FFEFEC7F8C35318588F384E7C4A26F6D1E8D0B63071A9E793E5C44ED9E29B77F687F7FFFCC7F8C20B9FAC1F0BBA134E072D4932B11F188B4E1D27711F70889251E8BB314DE8828D5C1A3AC8A3CEF1E1E177CED1918301C2062CCB1A7F4A09F3439C7DC0E7941217472C45C135F570908872A89965A8D60D0A711221174F6C3CA561886317CF1E6834FA09CF47791BDB3A0B7C04F2CC70B0B02D4408658881B4A79F133C633125CB59040528B87F8E30D02D509060D18BD31579D70E1D1EF30E39AB8605949B268C863D018F4E84861CB9F95A7AB64B0D820E2F40D7EC99F73AD3E3C4BEF27056F48906A00099E1E9348839F1C4BE2E599C25D10D66A3A2E12887BC8C01EE171A7F1D55110FACCEED0E4A8B3A1E1DF27F07D6340D581AE309C1298B517060DDA5F3C0777FC0CFF7F42B269393A3F9E2E4DD9BB7C83B79FB2D3E7953ED29F415E86A05507417D308C7201B5E94FDB72DA7DECE911B96CD2A6D72AD802DC1E4B0AD6BF4F41193257B806973FCCEB62EFD27EC1525C2B83E131FE6123462710A9F376910A07980CB7AA79127FFBF81EBF19BB78370BD418FFE321B7A893F4C9C18E6D5271C64B5C9831FE5D3AB36DE5F04D9654C43FE5DB7AFBCF6CB8CA63065A133D448728FE2256675E9C6CECA783B9934871ADEAC0BD4FD376D2EA96ADE5A52DEA1756642C162DBB3A190F765F976B6B8B32882C1CB4C8B6BA4C9E04C5BD648C238B014CA95191D75352302DDFB3BAF8A1721F2830196C50E5CC02F59F87188CB5E7E4FC10811E92DF31D4A125815BCFFA1E4A14174F87300D167D84D6330D6194361F4E2DCEE1E28C1376938E773607BBC061B9AFB5FE82572198D2F086FB531DE47EA7EA529BB20DE3962F833730B40FE79EF87DD010611E7CC7571925C8231636F4AC1ED2E00AF083B39EE0DC797A95DBB25D300F9A1DE2F9116D42F05E9CA37D15328FE89814CE7A33489FA912E7DD24DD482D42C6A4ED12AAA20EB2B2A07EB26A9A0340B9A11B4CA99530DE6F5652334BCDB97C1EEBFDFB7D9E66D5A0B2A6A9CC10A89FF8B098E6119F3EE10633826AB11E8B26EECC259C8868F337DF1BD29E3F4230AD2A159AD351BB24560F8D990C1EEFF6CC8C484E247DFE35E4987C350410CF09DE8F5E7ACF6392749B6EDE950EBE6B6996F670D304D97B324A1AE9FCD024D184C0431EAF2830F67B54734F2DEC85111E81818BACFB73C2881BED9B251DD92731C6086AD33370F134E51E2224F552374C8EB2158B1A36A045B4547EAC2FD47E109968E63DE08F143500233D5274C9D163E71FD0805AD5A925A76DCC278DF4B1E72CD398E30E10C5B35D185B93E18C20528F94883D2A6A1B153B1B866433478ADA6316F736157E3AEC428B662932DBEB3C12E85FFF62286D9ACB12D1867B34ABA08600CECEDC240C559A5AB01C807977D3350E9C4643050E1526DC540EB1ADB8181D655F2EA0C343FA2761D7FE9BCBA6FE6593F286F7F5B6F54D70E6CB3A68F3D33CDDCF784360C5AE05835CFF339AFC44F4C73380339C5F92C11AEAE6C221C7C86593D64B3F277B57EA8D30C221B5113E0CAD05A40C595A002A44CA81EC215B1BC46E98417D103B688BB35C28AB55F82ADD8808A5DBD1AAD109A2F5065E3EC74FA287B565A8362E49D0E0B151C8D41C88B57BDE31D94628ACBAA8AE9E20BF7F1862B1D1383D1A0A016CFD5A0A4A233836BA930CD762DE91CB23E2ED9465A92DC2783968ACE0CAE2561A3ED4AD238053DDC828D5454DFC2079A6C45A4A3DC6DCABAB193E74D8982B16348B01A5FA328F2C9B29270254AAC599E6D35FD66D63F0129CC311C37D1E42195D2969C188DD1124BB5C01A24BDF4E3849D2386E688C779A65EA89069F756C3F25FB0AC6E9FEA2016FB4041CDFFCE5B182FF26B3BAEEA9208A44BE867C8FD9A2C98AEB1027D738BA7C1A100C59AF8FD94066948CC6E96B9757E8B576D9F97A8086347925F71A3149D29CE6E7D003A0D8F3A35061DAAD297597FB8CC1026A5179E6855ED26EFD48C5204ABAA28A600D6CE86CFE4D4AC3164B2D7D87FC45A115E668E8954952A8028EA8951C97650C02A75DD51EB092955CC7A4D774429EBA40A2955F590B29A5B5213B25AB1169E41A37A8AEE1CD46C922ABA5ADB1D5993575285D654AF81AD9159AEEB8EAA493DA9026BAABB63AFF250E4A5748F7731E35966C36D2C3FF46EB68F19305E665D1C661BACDCED57812AC53DB1C4EDBD0226CAF7D2A68C27BF0D6D2A8F786C6653060CF32A54BB1BAF2F428D17FA66CCDA85776DA16FBAF037E3F5B3DC17B50FE5F8279394DCCB63A074DC1B8BA357FBA31BE52C9693D856A146D8E49F1386C3112718CD7E0EA6818FF9925E105C23E22F70C2F2240FFBF8F0E8587AB1B33FAF679C24F102CDD1D5F484A63E665BC8D7228F28761F50AC664F6CF0C26405AA04A6AF88879F26F6AF59ABD32CC6C1FFCA8A0FACABE433F17F4EA1E23E4EB1F59B9A0D3A4CC67DF3B16B4FDF4774D7EAD5FFBFE44D0FACDB1866CCA97528E9729D11AEBF9AE8254DDE740369D67E4BF17A2754ED718216559A10EBBF4598FB6C9077088594FF0AD1D3BFFB8AA67D6BB011A2E63DC1507883A8D0F45E601D2CE35B010F3E59F656A05F67F56F07D611CDF86EC027FDC1E45703DD97A1A2E50EB71ACDC9681B4B52A6E7D6ACEB8D523077BD3729C9D91B4D743501BB07DC0649D66B58C62BCB4F1E6C77D4A41F0F86BD4BD37EF19CE37D49335E2580EC36BB789B09C50D17457FAB3CE23DC87CD364F2EC3E5B78DBB6668AE6EE79CA65BF9CE03D333691DFB5FBCCDF6D1B9B29CCBBE7C6D62BBF77CF6C6D57FBE78E2DADF316BAF36C5D35F1C8702BA38B05B765E3E6817338E1CF291841EE51E68F28F5E95F4DA9AB2D0C572466A6E6BC3399B1327114BE0A4533DB7E7D151B7E6367054D335B43B666136FB1FE37F21634CDBC0D3990BBC823D66621EA72BB5BD6B1A6B4A8D794375CEB494B9A7A9BCFDA78C5FE9AD28407514A6DF618EE885F4F56F0202A1972EAF4C80256AF7B61EFACFC1223ECDF89BF5C41F0DF6524D8ADED9A25CD1559D062F396242A48A408CD3566C8832DF52C66FE02B90CAA798C397B059EC5EDF84DC71C7B57E4366551CAA0CB389C07B5801777029AF867A9CE7599C7B751F68326437401C4F4796CFE967C9FFA8157CA7DA989091920B8772122BA7C2C198FEC2E9F4BA41B4A3A0209F5954ED13D0EA300C0925B32438F781DD9C0FC3EE225729F5711401348FB40D4D53E3EF7D1324661223056EDE1136CD80B9FDEFF051DAEE30490540000, N'6.1.3-40302')
INSERT [dbo].[AspNetUsers] ([Id], [Email], [EmailConfirmed], [PasswordHash], [SecurityStamp], [PhoneNumber], [PhoneNumberConfirmed], [TwoFactorEnabled], [LockoutEndDateUtc], [LockoutEnabled], [AccessFailedCount], [UserName]) VALUES (N'a5b62a13-9c13-4a5c-b4ea-725932b2b46d', N'tminhein@gmail.com', 0, N'ANCoVHsYhzqykg0JplNpDrJ7Wa3PdLRh2ONelxhs+Y6gpBpxa7LW2l4nNxKV6ZWNPw==', N'768271e1-b184-4ba7-af52-4f3685d31902', NULL, 0, 0, NULL, 1, 0, N'tminhein@gmail.com')
SET IDENTITY_INSERT [dbo].[Customers] ON 

INSERT [dbo].[Customers] ([Id], [Name], [Email], [IsBookClubMembership], [IsVideoClubMembership]) VALUES (1, N'tminhein@gmail.com', N'tminhein@gmail.com', 1, 0)
SET IDENTITY_INSERT [dbo].[Customers] OFF
SET IDENTITY_INSERT [dbo].[OrderItems] ON 

INSERT [dbo].[OrderItems] ([Id], [OrderId], [ProductId], [DateEntered]) VALUES (1, 1, 2, CAST(N'2017-10-29T21:40:38.113' AS DateTime))
INSERT [dbo].[OrderItems] ([Id], [OrderId], [ProductId], [DateEntered]) VALUES (2, 1, 1, CAST(N'2017-10-29T21:40:42.083' AS DateTime))
INSERT [dbo].[OrderItems] ([Id], [OrderId], [ProductId], [DateEntered]) VALUES (3, 1, 3, CAST(N'2017-10-29T21:40:45.147' AS DateTime))
INSERT [dbo].[OrderItems] ([Id], [OrderId], [ProductId], [DateEntered]) VALUES (4, 2, 2, CAST(N'2017-10-29T21:48:47.090' AS DateTime))
INSERT [dbo].[OrderItems] ([Id], [OrderId], [ProductId], [DateEntered]) VALUES (5, 2, 1, CAST(N'2017-10-29T21:48:49.733' AS DateTime))
INSERT [dbo].[OrderItems] ([Id], [OrderId], [ProductId], [DateEntered]) VALUES (6, 2, 3, CAST(N'2017-10-29T21:48:52.083' AS DateTime))
INSERT [dbo].[OrderItems] ([Id], [OrderId], [ProductId], [DateEntered]) VALUES (7, 3, 2, CAST(N'2017-10-29T21:53:01.470' AS DateTime))
INSERT [dbo].[OrderItems] ([Id], [OrderId], [ProductId], [DateEntered]) VALUES (8, 3, 1, CAST(N'2017-10-29T21:53:01.470' AS DateTime))
INSERT [dbo].[OrderItems] ([Id], [OrderId], [ProductId], [DateEntered]) VALUES (9, 3, 3, CAST(N'2017-10-29T21:53:01.470' AS DateTime))
SET IDENTITY_INSERT [dbo].[OrderItems] OFF
SET IDENTITY_INSERT [dbo].[Orders] ON 

INSERT [dbo].[Orders] ([Id], [PurchaseOrder], [CustomerId], [Total], [DateEntered]) VALUES (1, N'8', 0, NULL, CAST(N'2017-10-29T21:40:17.167' AS DateTime))
INSERT [dbo].[Orders] ([Id], [PurchaseOrder], [CustomerId], [Total], [DateEntered]) VALUES (2, N'2', 1, NULL, CAST(N'2017-10-29T21:48:40.373' AS DateTime))
INSERT [dbo].[Orders] ([Id], [PurchaseOrder], [CustomerId], [Total], [DateEntered]) VALUES (3, N'0', 1, NULL, CAST(N'2017-10-29T21:53:01.470' AS DateTime))
SET IDENTITY_INSERT [dbo].[Orders] OFF
SET IDENTITY_INSERT [dbo].[Products] ON 

INSERT [dbo].[Products] ([Id], [Name], [UnitPrice], [ProductTypeId]) VALUES (1, N'Comprehensive First Aid Training', N'41.50', 2)
INSERT [dbo].[Products] ([Id], [Name], [UnitPrice], [ProductTypeId]) VALUES (2, N'The Girl on the train', N'20.00', 1)
INSERT [dbo].[Products] ([Id], [Name], [UnitPrice], [ProductTypeId]) VALUES (3, N'Book Club Membership', N'10.00', 3)
INSERT [dbo].[Products] ([Id], [Name], [UnitPrice], [ProductTypeId]) VALUES (4, N'Video Club Membership', N'10.00', 4)
SET IDENTITY_INSERT [dbo].[Products] OFF
SET IDENTITY_INSERT [dbo].[ProductTypes] ON 

INSERT [dbo].[ProductTypes] ([Id], [Name]) VALUES (1, N'Book')
INSERT [dbo].[ProductTypes] ([Id], [Name]) VALUES (2, N'Video')
INSERT [dbo].[ProductTypes] ([Id], [Name]) VALUES (3, N'BookMembership')
INSERT [dbo].[ProductTypes] ([Id], [Name]) VALUES (4, N'VideoMembership')
SET IDENTITY_INSERT [dbo].[ProductTypes] OFF
ALTER TABLE [dbo].[AspNetUserClaims]  WITH CHECK ADD  CONSTRAINT [FK_dbo.AspNetUserClaims_dbo.AspNetUsers_UserId] FOREIGN KEY([UserId])
REFERENCES [dbo].[AspNetUsers] ([Id])
ON DELETE CASCADE
GO
ALTER TABLE [dbo].[AspNetUserClaims] CHECK CONSTRAINT [FK_dbo.AspNetUserClaims_dbo.AspNetUsers_UserId]
GO
ALTER TABLE [dbo].[AspNetUserLogins]  WITH CHECK ADD  CONSTRAINT [FK_dbo.AspNetUserLogins_dbo.AspNetUsers_UserId] FOREIGN KEY([UserId])
REFERENCES [dbo].[AspNetUsers] ([Id])
ON DELETE CASCADE
GO
ALTER TABLE [dbo].[AspNetUserLogins] CHECK CONSTRAINT [FK_dbo.AspNetUserLogins_dbo.AspNetUsers_UserId]
GO
ALTER TABLE [dbo].[AspNetUserRoles]  WITH CHECK ADD  CONSTRAINT [FK_dbo.AspNetUserRoles_dbo.AspNetRoles_RoleId] FOREIGN KEY([RoleId])
REFERENCES [dbo].[AspNetRoles] ([Id])
ON DELETE CASCADE
GO
ALTER TABLE [dbo].[AspNetUserRoles] CHECK CONSTRAINT [FK_dbo.AspNetUserRoles_dbo.AspNetRoles_RoleId]
GO
ALTER TABLE [dbo].[AspNetUserRoles]  WITH CHECK ADD  CONSTRAINT [FK_dbo.AspNetUserRoles_dbo.AspNetUsers_UserId] FOREIGN KEY([UserId])
REFERENCES [dbo].[AspNetUsers] ([Id])
ON DELETE CASCADE
GO
ALTER TABLE [dbo].[AspNetUserRoles] CHECK CONSTRAINT [FK_dbo.AspNetUserRoles_dbo.AspNetUsers_UserId]
GO
ALTER TABLE [dbo].[OrderItems]  WITH CHECK ADD  CONSTRAINT [FK_OrderItems_Orders] FOREIGN KEY([OrderId])
REFERENCES [dbo].[Orders] ([Id])
GO
ALTER TABLE [dbo].[OrderItems] CHECK CONSTRAINT [FK_OrderItems_Orders]
GO
